INSERT INTO miembros (nombre, apellido, email, cargo, proyecto, create_at) VALUES('Sergio', 'Herrero', 'sherrero@gmail.com', 'Jefe de proyecto', 'Proyecto 1', '2018-01-01');
INSERT INTO miembros (nombre, apellido, email, cargo, proyecto, create_at) VALUES('Diego', 'Heras', 'dheras@gmail.com', 'Jefe de proyecto', 'Proyecto 2', '2022-07-10');
INSERT INTO miembros (nombre, apellido, email, cargo, proyecto, create_at) VALUES('Jose', 'Pérez', 'joseperez@gmail.com', 'Junior', 'Proyecto 1', '2018-01-27');
INSERT INTO miembros (nombre, apellido, email, cargo, proyecto, create_at) VALUES('Paco', 'Miguelañez', 'pacomig@gmail.com', 'Senior', 'Proyecto 2', '2018-01-28');
INSERT INTO miembros (nombre, apellido, email, cargo, proyecto, create_at) VALUES('Juan', 'Perico', 'juanpe@gmail.com', 'Junior', 'Proyecto 1', '2018-01-31');
INSERT INTO miembros (nombre, apellido, email, cargo, proyecto, create_at) VALUES('Pedro', 'Gómez', 'pego@gmail.com', 'Junior', 'Proyecto 1', '2018-01-11');
INSERT INTO miembros (nombre, apellido, email, cargo, proyecto, create_at) VALUES('Maria', 'García', 'magar@gmail.com', 'Junior', 'Proyecto 1', '2018-04-01');
INSERT INTO miembros (nombre, apellido, email, cargo, proyecto, create_at) VALUES('Cristina', 'Alonso', 'crisalonso@gmail.com', 'Junior', 'Proyecto 1', '2020-11-27');
INSERT INTO miembros (nombre, apellido, email, cargo, proyecto, create_at) VALUES('Mario', 'Juanes', 'manes@gmail.com', 'Junior', 'Proyecto 1', '2017-10-01');
INSERT INTO miembros (nombre, apellido, email, cargo, proyecto, create_at) VALUES('Agustín', 'Rodríguez', 'agusrez@gmail.com', 'Junior', 'Proyecto 1', '2019-07-21');
INSERT INTO miembros (nombre, apellido, email, cargo, proyecto, create_at) VALUES('Carmelo', 'De Lucas', 'cadelu@gmail.com', 'Junior', 'Proyecto 1', '2019-01-01');
INSERT INTO miembros (nombre, apellido, email, cargo, proyecto, create_at) VALUES('Marcelino', 'Panivino', 'mapan@gmail.com', 'Junior', 'Proyecto 1', '2020-01-01');
INSERT INTO miembros (nombre, apellido, email, cargo, proyecto, create_at) VALUES('Nathan', 'Natin', 'natinnatan@gmail.com', 'Junior', 'Proyecto 2', '2021-01-01');
INSERT INTO miembros (nombre, apellido, email, cargo, proyecto, create_at) VALUES('Alfredo', 'Sosa', 'asosa@gmail.com', 'Junior', 'Proyecto 1', '2022-01-01');
INSERT INTO miembros (nombre, apellido, email, cargo, proyecto, create_at) VALUES('Miguel', 'Martín', 'mimartin@gmail.com', 'Junior', 'Proyecto 2', '2022-01-11');
INSERT INTO miembros (nombre, apellido, email, cargo, proyecto, create_at) VALUES('Lucia', 'De Pedro', 'lude@gmail.com', 'Junior', 'Proyecto 1', '2019-04-07');
INSERT INTO miembros (nombre, apellido, email, cargo, proyecto, create_at) VALUES('Marcos', 'Lorenzo', 'marelson@gmail.com', 'Junior', 'Proyecto 1', '2018-01-06');
INSERT INTO miembros (nombre, apellido, email, cargo, proyecto, create_at) VALUES('Julián', 'Martín', 'jumarin@gmail.com', 'Junior', 'Proyecto 1', '2017-09-08');
INSERT INTO miembros (nombre, apellido, email, cargo, proyecto, create_at) VALUES('Esteban', 'Coes', 'taocupado@gmail.com', 'Junior', 'Proyecto 2', '2020-08-09');
INSERT INTO miembros (nombre, apellido, email, cargo, proyecto, create_at) VALUES('Haci', 'Enda', 'haciend@gmail.com', 'Junior', 'Proyecto 1', '2021-07-26');
INSERT INTO miembros (nombre, apellido, email, cargo, proyecto, create_at) VALUES('Muri', 'Llo', 'murillo@gmail.com', 'Junior', 'Proyecto 1', '2021-08-26');
INSERT INTO miembros (nombre, apellido, email, cargo, proyecto, create_at) VALUES('Ramón', 'Superi', 'rasuperi@gmail.com', 'Junior', 'Proyecto 1', '2021-07-26');
INSERT INTO clientes (empresa, proyecto, email, create_at) VALUES('Laura', 'Pausisi', 'lapausisi@gmail.com', '2021-07-26');
INSERT INTO clientes (empresa, proyecto, email, create_at) VALUES('Jose María', 'Aznat', 'chemiazna@gmail.com', '2021-07-26');
INSERT INTO clientes (empresa, proyecto, email, create_at) VALUES('Pedro', 'Pica', 'picapiedra@gmail.com', '2021-07-26');
INSERT INTO clientes (empresa, proyecto, email, create_at) VALUES('Ernersto', 'Córdoba', 'ecordob@gmail.com', '2021-07-26');
INSERT INTO clientes (empresa, proyecto, email, create_at) VALUES('David', 'Feso', 'dafes@gmail.com', '2021-07-26');
INSERT INTO clientes (empresa, proyecto, email, create_at) VALUES('Daniel', 'Roevira', 'daniroevi@gmail.com', '2021-07-26');
INSERT INTO clientes (empresa, proyecto, email, create_at) VALUES('Carlos', 'Sastreria', 'cases@gmail.com', '2021-07-26');
INSERT INTO clientes (empresa, proyecto, email, create_at) VALUES('Pau', 'Ganso', 'pauhand@gmail.com', '2021-07-26');
INSERT INTO clientes (empresa, proyecto, email, create_at) VALUES('Alberto', 'Carvajo', 'acarvajo@gmail.com', '2021-07-26');
INSERT INTO clientes (empresa, proyecto, email, create_at) VALUES('Angie', 'Rodriguez', 'angiro@gmail.com', '2021-07-26');
INSERT INTO clientes (empresa, proyecto, email, create_at) VALUES('Sofia', 'Egido', 'soefgiso@gmail.com', '2021-07-26');
INSERT INTO clientes (empresa, proyecto, email, create_at) VALUES('Linus', 'Torvalds', 'linus.torvalds@gmail.com', '2018-01-03');
INSERT INTO clientes (empresa, proyecto, email, create_at) VALUES('Rasmus', 'Lerdorf', 'rasmus.lerdorf@gmail.com', '2018-01-04');
INSERT INTO clientes (empresa, proyecto, email, create_at) VALUES('Erich', 'Gamma', 'erich.gamma@gmail.com', '2018-02-01');
INSERT INTO clientes (empresa, proyecto, email, create_at) VALUES('Richard', 'Helm', 'richard.helm@gmail.com', '2018-02-10');
INSERT INTO clientes (empresa, proyecto, email, create_at) VALUES('Ralph', 'Johnson', 'ralph.johnson@gmail.com', '2018-02-18');
INSERT INTO clientes (empresa, proyecto, email, create_at) VALUES('John', 'Vlissides', 'john.vlissides@gmail.com', '2018-02-28');
INSERT INTO clientes (empresa, proyecto, email, create_at) VALUES('Dr. James', 'Gosling', 'james.gosling@gmail.com', '2018-03-03');
INSERT INTO clientes (empresa, proyecto, email, create_at) VALUES('Magma', 'Lee', 'magma.lee@gmail.com', '2018-03-04');
INSERT INTO clientes (empresa, proyecto, email, create_at) VALUES('Tornado', 'Roe', 'tornado.roe@gmail.com', '2018-03-05');
INSERT INTO clientes (empresa, proyecto, email, create_at) VALUES('Jade', 'Doe', 'jane.doe@gmail.com', '2018-03-06');

INSERT INTO `usuarios` (username, password, enabled, nombre, apellido, email, proyecto) VALUES ('sergio','$2a$10$TZWPA56H9cvokH9z95XQL.cJWtcO2pMIp3mY4EkeVOPs0VlgX.mY2',1, 'Sergio', 'Herrero', 'sherrero@gmail.com', '1');
INSERT INTO `usuarios` (username, password, enabled, nombre, apellido, email, proyecto) VALUES ('diego','$2a$10$C3Uln5uqnzx/GswADURJGOIdBqYrly9731fnwKDaUdBkt/M3qvtLq',1,'Diego','Heras','dheras@gmail.com', '2');
INSERT INTO `usuarios` (username, password, enabled, nombre, apellido, email, proyecto) VALUES ('admin','$2a$10$RmdEsvEfhI7Rcm9f/uZXPebZVCcPC7ZXZwV51efAvMAp1rIaRAfPK',1,'Super','Admin','superadmin@gmail.com', '1');
INSERT INTO `usuarios` (username, password, enabled, nombre, apellido, email, proyecto) VALUES ('miembro','$2a$10$kt90/RM4ah1cohGYaJWgJuRMqByshMSA2AFbSSYV356zYwJm4ICvm',1,'Miembro','Prueba','miembroprueba@gmail.com', '2');

INSERT INTO `roles` (nombre) VALUES ('ROLE_USER');
INSERT INTO `roles` (nombre) VALUES ('ROLE_BOSS');
INSERT INTO `roles` (nombre) VALUES ('ROLE_ADMIN');

INSERT INTO `usuarios_roles` (usuario_id, role_id) VALUES (1, 1);
INSERT INTO `usuarios_roles` (usuario_id, role_id) VALUES (1, 2);
INSERT INTO `usuarios_roles` (usuario_id, role_id) VALUES (2, 1);
INSERT INTO `usuarios_roles` (usuario_id, role_id) VALUES (2, 2);
INSERT INTO `usuarios_roles` (usuario_id, role_id) VALUES (3, 1);
INSERT INTO `usuarios_roles` (usuario_id, role_id) VALUES (3, 2);
INSERT INTO `usuarios_roles` (usuario_id, role_id) VALUES (3, 3);
INSERT INTO `usuarios_roles` (usuario_id, role_id) VALUES (4, 1);

INSERT INTO productos (nombre, precio, create_at) VALUES('Junior', 8, NOW());
INSERT INTO productos (nombre, precio, create_at) VALUES('Senior', 11, NOW());
INSERT INTO productos (nombre, precio, create_at) VALUES('Analista', 15, NOW());
INSERT INTO productos (nombre, precio, create_at) VALUES('Jefe de proyecto', 25, NOW());

INSERT INTO facturas (descripcion, observacion, cliente_id, create_at) VALUES('Factura Tarea 1', null, 1, NOW());

INSERT INTO facturas_items (cantidad, factura_id, producto_id) VALUES(1, 1, 1);
INSERT INTO facturas_items (cantidad, factura_id, producto_id) VALUES(2, 1, 3);
INSERT INTO facturas_items (cantidad, factura_id, producto_id) VALUES(1, 1, 4);
INSERT INTO facturas_items (cantidad, factura_id, producto_id) VALUES(1, 1, 2);

INSERT INTO facturas (descripcion, observacion, cliente_id, create_at) VALUES('Factura Tarea 2', 'Alguna nota importante!', 1, NOW());
INSERT INTO facturas_items (cantidad, factura_id, producto_id) VALUES(3, 2, 4);

INSERT INTO subtareas (descripcion, observacion, miembro_id, duracion, tiempo_estimado, estado) VALUES('Subtarea analisis', null, 2, 8, 8, "En proceso");

INSERT INTO tareas (descripcion, observacion, miembro_id, duracion, tiempo_estimado, estado) VALUES('Tarea inicio', null, 1, 8, 8, "To do");
INSERT INTO tareas (descripcion, observacion, miembro_id, duracion, tiempo_estimado, estado) VALUES('Tarea secundaria', null, 1, 16, 20, "En proceso");
INSERT INTO tareas (descripcion, observacion, miembro_id, duracion, tiempo_estimado, estado) VALUES('Tarea desecundaria', null, 2, 6, 8, "En proceso");
INSERT INTO tareas (descripcion, observacion, miembro_id, duracion, tiempo_estimado, estado) VALUES('Tarea tercera', null, 3, 8, 8, "Hecho");
INSERT INTO tareas (descripcion, observacion, miembro_id, duracion, tiempo_estimado, estado) VALUES('Tarea cuarta', null, 4, 8, 8, "Hecho");

INSERT INTO relacion_tareas (tarea_id, subtarea_id) VALUES(1, 1);